{
    "user":
                [
            {"name":"Siva",
            "location":"Bengaluru",
            "likes":64,
            "description": "Kick start your career",
            "PostImage": "https://cdn.searchenginejournal.com/wp-content/uploads/2022/04/reverse-image-search-627b7e49986b0-sej-760x400.png",
            "date": "12/02/2022"
            },
            {"name":"Neeraj",
            "location":"Pune",
            "likes":30,
            "description": "Sample Description",
            "PostImage": "https://ia800402.us.archive.org/26/items/03-05-2016_Images_Images_1-30/01_PT_hero_42_153645159.jpg",
            "date": "15/05/2022"
            },
            {"name":"Rahul",
            "location":"Hyderabad",
            "likes":30,
            "description": "Sample Description for Post",
            "PostImage": "https://149695847.v2.pressablecdn.com/wp-content/uploads/2019/07/image_rec_lib_banner.jpg",
            "date": "10/06/2022"
            }
            ]
}
